City_ID,City,Country,Date,Lat,Lng,Max Temp,Humidity,Cloudiness,Wind Speed
0,Cape Town,ZA,2021-07-29 05:59:48,-33.9258,18.4232,54.88,89,90,4.0
1,Albany,US,2021-07-29 05:56:06,42.6001,-73.9662,60.73,89,33,1.74
2,Hilo,US,2021-07-29 05:59:49,19.7297,-155.09,74.8,94,92,4.88
3,Myrtle Beach,US,2021-07-29 05:57:56,33.6891,-78.8867,74.05,89,37,5.7
4,Rikitea,PF,2021-07-29 05:59:50,-23.1203,-134.9692,73.51,79,45,10.63
5,Ushuaia,AR,2021-07-29 05:59:50,-54.8,-68.3,49.66,50,90,19.57
6,Carnarvon,AU,2021-07-29 05:59:51,-24.8667,113.6333,66.27,60,90,14.97
7,Nanortalik,GL,2021-07-29 05:59:51,60.1432,-45.2371,43.95,90,85,9.42
8,Cabo San Lucas,MX,2021-07-29 05:54:56,22.8909,-109.9124,85.6,64,1,8.16
9,Longyearbyen,SJ,2021-07-29 05:59:52,78.2186,15.6401,44.44,87,75,4.61
10,Bredasdorp,ZA,2021-07-29 05:59:52,-34.5322,20.0403,56.52,58,79,14.97
11,Salinopolis,BR,2021-07-29 05:59:53,-0.6136,-47.3561,77.72,83,11,7.7
12,Matara,LK,2021-07-29 05:59:53,5.9485,80.5353,83.5,77,87,13.4
13,Ferrara,IT,2021-07-29 05:59:54,44.8,11.8333,76.71,88,0,2.51
14,Hithadhoo,MV,2021-07-29 05:59:54,-0.6,73.0833,80.6,76,100,7.47
15,Tuktoyaktuk,CA,2021-07-29 05:59:55,69.4541,-133.0374,50.0,81,75,10.36
16,Butaritari,KI,2021-07-29 05:59:55,3.0707,172.7902,82.81,71,7,9.22
17,Odense,DK,2021-07-29 05:55:13,55.3959,10.3883,58.87,86,18,21.9
18,Vaini,TO,2021-07-29 05:59:56,-21.2,-175.2,69.96,83,20,10.36
19,Tiksi,RU,2021-07-29 05:59:56,71.6872,128.8694,48.58,66,23,8.72
20,Belmonte,BR,2021-07-29 05:59:56,-15.8631,-38.8828,70.3,91,17,9.66
21,Mataura,NZ,2021-07-29 05:59:57,-46.1927,168.8643,51.48,93,83,4.12
22,Lebu,CL,2021-07-29 05:59:57,-37.6167,-73.65,48.24,72,0,6.4
23,Nanaimo,CA,2021-07-29 05:57:05,49.1663,-123.936,74.97,70,43,5.75
24,Tondano,ID,2021-07-29 05:59:58,1.3038,124.9112,80.69,63,47,5.35
25,Karratha,AU,2021-07-29 05:56:56,-20.7377,116.8463,76.91,51,27,16.53
26,Barrow,US,2021-07-29 05:59:58,71.2906,-156.7887,53.62,94,90,3.44
27,Saint-Pierre,RE,2021-07-29 05:59:59,-21.3393,55.4781,74.88,53,0,27.63
28,Punta Arenas,CL,2021-07-29 05:59:59,-53.15,-70.9167,42.91,70,0,4.61
29,Coromandel,BR,2021-07-29 06:00:00,-18.4733,-47.2003,52.21,44,7,11.36
30,Hobart,AU,2021-07-29 05:59:55,-42.8794,147.3294,54.05,59,40,1.01
31,Saint George,US,2021-07-29 06:00:00,37.1041,-113.5841,92.62,30,75,5.01
32,Jamestown,US,2021-07-29 06:00:01,42.097,-79.2353,67.71,90,80,1.01
33,Dikson,RU,2021-07-29 06:00:04,73.5069,80.5464,38.95,94,67,4.5
34,Plettenberg Bay,ZA,2021-07-29 06:00:06,-34.0527,23.3716,53.82,64,69,8.19
35,Aiken,US,2021-07-29 06:00:08,33.5835,-81.5998,77.45,95,1,0.0
36,Tucupita,VE,2021-07-29 06:00:09,9.0622,-62.051,72.32,99,81,3.02
37,Darhan,MN,2021-07-29 06:00:12,49.4867,105.9228,74.79,54,81,5.66
38,Nikolskoye,RU,2021-07-29 06:00:13,59.7035,30.7861,69.78,85,74,6.87
39,Byron Bay,AU,2021-07-29 06:00:14,-28.65,153.6167,73.06,41,8,8.48
40,Shirokiy,RU,2021-07-29 06:00:14,49.758,129.523,78.66,77,100,5.19
41,Busselton,AU,2021-07-29 06:00:15,-33.65,115.3333,60.08,79,21,31.88
42,Tasiilaq,GL,2021-07-29 06:00:16,65.6145,-37.6368,43.21,64,86,6.13
43,Mar Del Plata,AR,2021-07-29 05:55:55,-38.0023,-57.5575,44.1,61,0,1.99
44,Katsuura,JP,2021-07-29 06:00:17,35.1333,140.3,87.91,78,17,14.25
45,Lorengau,PG,2021-07-29 05:56:02,-2.0226,147.2712,84.07,75,54,5.93
46,Korgen,NO,2021-07-29 06:00:18,66.0771,13.8153,66.52,49,52,0.4
47,Chokurdakh,RU,2021-07-29 06:00:19,70.6333,147.9167,49.42,51,92,9.1
48,Bluff,NZ,2021-07-29 06:00:19,-46.6,168.3333,51.8,82,87,9.69
49,Coihaique,CL,2021-07-29 06:00:20,-45.5752,-72.0662,35.02,93,99,5.08
50,Atuona,PF,2021-07-29 06:00:20,-9.8,-139.0333,77.18,68,68,16.4
51,Ostrovnoy,RU,2021-07-29 06:00:21,68.0531,39.5131,48.76,72,100,2.24
52,Avarua,CK,2021-07-29 06:00:21,-21.2078,-159.775,69.85,83,90,3.44
53,Katherine,AU,2021-07-29 06:00:22,-14.4667,132.2667,95.32,21,14,10.36
54,Saint-Augustin,CA,2021-07-29 06:00:22,51.226,-58.6502,53.78,93,24,5.73
55,Korla,CN,2021-07-29 06:00:23,41.7597,86.1469,100.2,12,5,7.7
56,Tecoanapa,MX,2021-07-29 06:00:24,16.5167,-98.75,79.79,80,79,3.2
57,Lompoc,US,2021-07-29 06:00:24,34.6391,-120.4579,70.79,82,26,3.0
58,Rancho Palos Verdes,US,2021-07-29 06:00:25,33.7445,-118.387,82.27,79,0,1.01
59,Saldanha,ZA,2021-07-29 06:00:25,-33.0117,17.9442,56.57,81,70,15.93
60,Wasilla,US,2021-07-29 06:00:26,61.5814,-149.4394,57.04,77,90,3.0
61,Pyapon,MM,2021-07-29 06:00:26,16.2833,95.6833,88.5,66,99,14.32
62,Torbay,CA,2021-07-29 06:00:27,47.6666,-52.7314,66.88,96,100,8.68
63,Souillac,MU,2021-07-29 06:00:27,-20.5167,57.5167,74.35,71,99,21.92
64,Westport,US,2021-07-29 06:00:28,41.1415,-73.3579,72.75,91,0,5.01
65,Bethel,US,2021-07-29 06:00:29,41.3712,-73.414,70.16,86,0,2.57
66,Georgetown,MY,2021-07-29 06:00:17,5.4112,100.3354,87.73,79,20,2.3
67,Yellowknife,CA,2021-07-29 06:00:09,62.456,-114.3525,59.29,100,73,5.99
68,Talnakh,RU,2021-07-29 06:00:29,69.4865,88.3972,65.14,56,99,6.87
69,Norman Wells,CA,2021-07-29 06:00:30,65.282,-126.8329,55.22,95,100,6.55
70,Paramonga,PE,2021-07-29 06:00:31,-10.6667,-77.8333,63.28,86,76,9.37
71,Hermanus,ZA,2021-07-29 06:00:31,-34.4187,19.2345,50.9,79,99,18.28
72,East London,ZA,2021-07-29 06:00:04,-33.0153,27.9116,58.68,79,37,5.59
73,Qaanaaq,GL,2021-07-29 06:00:32,77.484,-69.3632,43.03,93,100,6.06
74,Daru,PG,2021-07-29 06:00:32,-9.0763,143.2092,79.0,89,34,13.78
75,Cherskiy,RU,2021-07-29 06:00:33,68.75,161.3,36.73,80,100,23.24
76,Mahon,ES,2021-07-29 06:00:34,39.8885,4.2658,73.96,83,0,11.5
77,Galveston,US,2021-07-29 05:57:42,29.3669,-94.9669,85.96,83,1,5.93
78,Kendari,ID,2021-07-29 06:00:35,-3.945,122.4989,84.34,66,100,5.53
79,Baoshan,CN,2021-07-29 05:59:47,46.5586,131.4244,86.29,53,92,5.68
80,Port Elizabeth,ZA,2021-07-29 05:59:20,-33.918,25.5701,48.49,87,0,4.61
81,Kapaa,US,2021-07-29 06:00:36,22.0752,-159.319,80.58,76,33,1.01
82,Seoul,KR,2021-07-29 05:57:30,37.5683,126.9778,92.8,54,75,11.5
83,Miraflores,MX,2021-07-29 06:00:37,19.2167,-98.8083,63.03,91,95,0.89
84,Ribeira Grande,PT,2021-07-29 06:00:37,38.5167,-28.7,69.91,88,45,7.58
85,Puerto Madryn,AR,2021-07-29 06:00:38,-42.7692,-65.0385,47.17,50,3,4.14
86,Mareeba,AU,2021-07-29 06:00:38,-17.0,145.4333,87.31,48,2,7.29
87,Tiarei,PF,2021-07-29 06:00:39,-17.5333,-149.3333,77.02,74,42,2.46
88,Havelock,US,2021-07-29 05:57:17,34.8791,-76.9013,77.95,96,7,5.1
89,Geraldton,AU,2021-07-29 05:55:41,-28.7667,114.6,70.21,64,40,18.41
90,Podborany,CZ,2021-07-29 06:00:40,50.2294,13.4119,67.15,80,9,9.98
91,Airai,TL,2021-07-29 06:00:40,-8.9266,125.4092,77.23,32,5,4.85
92,Tena,EC,2021-07-29 06:00:41,-0.9833,-77.8167,67.95,99,100,3.09
93,Port Blair,IN,2021-07-29 06:00:41,11.6667,92.75,84.72,79,100,19.1
94,Los Llanos De Aridane,ES,2021-07-29 05:57:40,28.6585,-17.9182,67.75,88,90,13.8
95,Cananea,MX,2021-07-29 06:00:42,30.95,-110.3,73.78,73,99,3.96
96,Castres,FR,2021-07-29 06:00:42,43.5833,2.1667,67.26,91,0,2.3
97,Namikupa,TZ,2021-07-29 06:00:43,-10.8333,39.6,72.37,68,13,7.54
98,Isangel,VU,2021-07-29 06:00:43,-19.55,169.2667,74.07,68,12,7.0
99,Laredo,US,2021-07-29 06:00:44,27.5064,-99.5075,82.85,65,60,12.84
100,Puerto Ayora,EC,2021-07-29 06:00:44,-0.7393,-90.3518,70.92,90,30,5.75
101,Sao Jose Da Coroa Grande,BR,2021-07-29 06:00:45,-8.8978,-35.1478,71.78,87,8,2.39
102,Thompson,CA,2021-07-29 06:00:45,55.7435,-97.8558,45.79,81,52,3.78
103,Jiuquan,CN,2021-07-29 06:00:45,39.7432,98.5174,94.19,11,0,12.46
104,Kostomuksha,RU,2021-07-29 06:00:46,64.571,30.5767,68.81,58,4,2.48
105,San Patricio,US,2021-07-29 06:00:47,28.017,-97.5169,84.09,72,2,6.11
106,Bambous Virieux,MU,2021-07-29 06:00:47,-20.3428,57.7575,74.21,68,100,23.13
107,Sao Felix Do Xingu,BR,2021-07-29 06:00:48,-6.6447,-51.995,71.98,50,19,0.65
108,Cuamba,MZ,2021-07-29 06:00:48,-14.8031,36.5372,64.26,69,1,1.23
109,Nador,MA,2021-07-29 06:00:49,35.174,-2.9287,73.65,94,90,3.44
110,Wattegama,LK,2021-07-29 06:00:50,6.7989,81.4808,88.72,43,97,1.77
111,Darnah,LY,2021-07-29 06:00:51,32.767,22.6367,80.6,68,0,16.93
112,Japura,ID,2021-07-29 06:00:51,-0.3167,102.35,95.07,38,12,4.36
113,Puerto Escondido,MX,2021-07-29 06:00:52,15.85,-97.0667,78.42,88,96,4.65
114,Huaidian,CN,2021-07-29 06:00:52,33.4333,115.0333,81.48,70,97,18.21
115,Kurilsk,RU,2021-07-29 06:00:53,45.2333,147.8833,73.54,77,81,8.61
116,Mount Gambier,AU,2021-07-29 06:00:53,-37.8333,140.7667,55.49,69,22,10.89
117,Tabas,IR,2021-07-29 06:00:54,33.5959,56.9244,92.97,13,0,11.03
118,Mahebourg,MU,2021-07-29 06:00:54,-20.4081,57.7,74.25,68,100,23.26
119,Necochea,AR,2021-07-29 05:56:46,-38.5473,-58.7368,33.04,71,41,11.92
120,Cayenne,GF,2021-07-29 06:00:55,4.9333,-52.3333,76.08,89,0,1.14
121,Kattivakkam,IN,2021-07-29 06:00:55,13.2167,80.3167,89.69,45,100,13.96
122,Finnsnes,NO,2021-07-29 06:00:56,69.2296,17.9811,52.34,74,23,3.42
123,Rio Gallegos,AR,2021-07-29 06:00:56,-51.6226,-69.2181,43.25,74,100,12.41
124,Khatanga,RU,2021-07-29 06:00:57,71.9667,102.5,74.82,48,60,6.53
125,San Blas,MX,2021-07-29 06:00:57,21.5167,-105.2667,77.92,90,26,3.94
126,Panzhihua,CN,2021-07-29 06:00:58,26.5851,101.7128,87.22,53,54,3.29
127,Hasaki,JP,2021-07-29 06:00:58,35.7333,140.8333,90.28,79,11,18.32
128,Victor Harbor,AU,2021-07-29 06:00:59,-35.5667,138.6167,61.72,55,3,1.99
129,Comodoro Rivadavia,AR,2021-07-29 06:00:59,-45.8667,-67.5,47.79,60,29,7.96
130,Belyy Yar,RU,2021-07-29 06:00:59,53.6039,91.3903,69.69,49,0,6.71
131,Piet Retief,ZA,2021-07-29 06:01:00,-27.0071,30.8132,49.32,35,0,7.09
132,Sao Miguel,BR,2021-07-29 06:01:01,-5.4667,-35.3667,73.54,91,21,9.04
133,Hofn,IS,2021-07-29 06:01:01,64.2539,-15.2082,55.36,78,100,8.03
134,Saint-Philippe,RE,2021-07-29 06:01:02,-21.3585,55.7679,74.79,80,96,18.68
135,Kaitangata,NZ,2021-07-29 06:01:03,-46.2817,169.8464,46.81,93,63,8.59
136,Siderno,IT,2021-07-29 06:01:03,38.2779,16.302,88.77,39,0,4.25
137,Port Alfred,ZA,2021-07-29 06:01:03,-33.5906,26.891,55.81,80,26,10.33
138,Green River,US,2021-07-29 06:01:04,41.5286,-109.4662,66.97,67,100,5.99
139,Xinqing,CN,2021-07-29 06:01:04,48.2333,129.5,82.04,51,100,3.04
140,Taybad,IR,2021-07-29 06:01:05,34.74,60.7756,88.93,12,0,32.79
141,Zhezkazgan,KZ,2021-07-29 06:01:05,47.8043,67.7144,80.58,19,100,7.43
142,Prestea,GH,2021-07-29 06:01:06,5.4327,-2.1428,71.06,89,89,0.76
143,Acarau,BR,2021-07-29 06:01:06,-2.8856,-40.12,76.59,90,22,10.25
144,Tezu,IN,2021-07-29 05:57:23,27.9167,96.1667,82.54,82,99,1.3
145,Nizhniy Odes,RU,2021-07-29 06:01:07,63.6445,54.856,48.72,83,100,3.6
146,Poum,NC,2021-07-29 06:01:07,-20.2333,164.0167,73.45,65,4,13.49
147,Lebedinyy,RU,2021-07-29 06:01:08,58.5167,125.5167,66.74,49,1,18.16
148,Kahului,US,2021-07-29 06:01:08,20.8947,-156.47,78.84,91,70,5.99
149,Iskateley,RU,2021-07-29 05:57:45,67.6803,53.1512,46.54,81,100,2.89
150,Troitsko-Pechorsk,RU,2021-07-29 06:01:09,62.7084,56.1964,50.95,77,99,4.34
151,Rio Cuarto,AR,2021-07-29 05:56:29,-33.1307,-64.3499,29.84,54,0,7.07
152,Ust-Barguzin,RU,2021-07-29 06:01:10,53.45,108.9833,73.04,51,4,5.86
153,Grand Gaube,MU,2021-07-29 06:01:10,-20.0064,57.6608,74.37,66,90,14.0
154,Marfino,RU,2021-07-29 06:01:11,55.7028,37.3822,67.28,92,75,8.95
155,San Isidro,PE,2021-07-29 06:01:11,-12.1167,-77.05,60.26,95,72,8.16
156,Severo-Kurilsk,RU,2021-07-29 06:01:12,50.6789,156.125,59.04,91,85,1.36
157,Hambantota,LK,2021-07-29 06:01:12,6.1241,81.1185,89.94,62,20,18.41
158,Luderitz,NA,2021-07-29 06:01:13,-26.6481,15.1594,52.21,74,0,15.37
159,Rieti,IT,2021-07-29 06:01:13,42.4072,12.8592,80.38,33,0,2.95
160,New Norfolk,AU,2021-07-29 06:01:13,-42.7826,147.0587,53.71,38,47,6.04
161,Bondo,CD,2021-07-29 06:01:14,3.8146,23.6866,72.45,83,85,1.63
162,Marystown,CA,2021-07-29 06:01:14,47.1666,-55.1483,63.86,100,96,8.43
163,Nemuro,JP,2021-07-29 06:01:15,43.3236,145.575,69.17,90,86,10.98
164,Henties Bay,NA,2021-07-29 06:01:15,-22.116,14.2845,49.86,90,0,10.76
165,Bonavista,CA,2021-07-29 06:01:15,48.6499,-53.1147,66.11,95,81,10.54
166,Synya,RU,2021-07-29 06:01:16,65.3718,58.0387,47.14,93,100,4.0
167,Broome,US,2021-07-29 06:01:16,42.2506,-75.833,59.02,95,1,2.08
168,Takoradi,GH,2021-07-29 06:01:17,4.8845,-1.7554,75.65,81,100,5.53
169,Constitucion,CL,2021-07-29 06:01:17,-35.3333,-72.4167,49.06,66,0,5.44
170,Shubarshi,KZ,2021-07-29 06:01:18,48.5872,57.1869,82.02,29,9,9.44
171,Kodinsk,RU,2021-07-29 06:01:18,58.6881,99.1844,70.36,77,62,6.17
172,Urumqi,CN,2021-07-29 06:00:49,43.801,87.6005,85.15,22,0,6.71
173,Ust-Ilimsk,RU,2021-07-29 06:01:19,58.0006,102.6619,92.23,22,14,4.7
174,Ormara,PK,2021-07-29 06:01:19,25.2088,64.6357,82.98,85,94,13.89
175,Alofi,NU,2021-07-29 06:01:19,-19.0595,-169.9187,74.19,71,53,12.06
176,Krumbach,DE,2021-07-29 06:01:20,48.2418,10.3632,64.26,92,25,6.62
177,Catamarca,AR,2021-07-29 06:00:52,-28.4696,-65.7852,41.77,52,0,7.07
178,Fortuna,US,2021-07-29 06:01:20,40.5982,-124.1573,74.48,93,1,0.0
179,Hamilton,US,2021-07-29 06:01:21,39.1834,-84.5333,76.41,90,54,3.2
180,Arraial Do Cabo,BR,2021-07-29 06:01:21,-22.9661,-42.0278,63.32,79,100,26.73
181,Saskylakh,RU,2021-07-29 06:01:22,71.9167,114.0833,82.17,32,75,11.48
182,Castro,BR,2021-07-29 06:01:22,-24.7911,-50.0119,30.25,76,22,7.0
183,Vao,NC,2021-07-29 06:01:23,-22.6667,167.4833,70.11,73,60,12.35
184,Miles City,US,2021-07-29 06:01:23,46.4083,-105.8406,81.12,22,90,16.35
185,Namibe,AO,2021-07-29 05:56:55,-15.1961,12.1522,64.87,74,2,1.19
186,Sitka,US,2021-07-29 06:01:24,57.0531,-135.33,55.62,87,8,2.68
187,Pucara,PE,2021-07-29 06:01:24,-15.9803,-71.4606,31.73,59,19,1.52
188,Lagos,NG,2021-07-29 05:56:45,6.5833,3.75,77.32,87,99,3.58
189,Yakeshi,CN,2021-07-29 06:01:25,49.2833,120.7333,80.55,55,20,9.53
190,Marsh Harbour,BS,2021-07-29 06:00:08,26.5412,-77.0636,83.1,74,57,10.2
191,Chimoio,MZ,2021-07-29 06:01:25,-19.1164,33.4833,57.06,88,20,1.16
192,Sioux Lookout,CA,2021-07-29 06:01:26,50.1001,-91.917,63.43,57,1,9.69
193,Cidreira,BR,2021-07-29 06:01:26,-30.1811,-50.2056,44.2,72,94,20.45
194,Talara,PE,2021-07-29 06:01:27,-4.5772,-81.2719,66.47,89,31,14.0
195,Koppal,IN,2021-07-29 06:01:27,15.35,76.15,81.37,61,100,24.18
196,Ancud,CL,2021-07-29 06:01:28,-41.8697,-73.8203,42.3,92,8,4.25
197,Walvis Bay,NA,2021-07-29 06:01:28,-22.9575,14.5053,50.09,70,0,11.7
198,Udachnyy,RU,2021-07-29 06:01:29,66.4167,112.4,83.25,41,32,6.8
199,Nome,US,2021-07-29 06:01:29,64.5011,-165.4064,50.16,93,90,19.57
200,Clyde River,CA,2021-07-29 06:01:29,70.4692,-68.5914,41.14,78,19,5.3
201,Kavaratti,IN,2021-07-29 06:01:30,10.5669,72.642,82.47,77,100,16.35
202,Kamalpur,IN,2021-07-29 06:01:31,24.2,91.8333,76.8,84,100,6.08
203,Makaryev,RU,2021-07-29 06:01:31,57.8797,43.8069,70.07,63,91,7.11
204,Elat,IL,2021-07-29 06:01:31,29.5581,34.9482,86.34,41,0,8.48
205,Paamiut,GL,2021-07-29 06:01:32,61.994,-49.6678,42.82,92,42,4.76
206,North Bend,US,2021-07-29 06:01:32,43.4065,-124.2243,58.24,95,20,5.75
207,Wenling,CN,2021-07-29 06:01:33,28.3669,121.36,85.03,86,38,15.64
208,Marawi,PH,2021-07-29 06:01:33,7.9986,124.2928,83.64,47,92,5.84
209,Bengkulu,ID,2021-07-29 06:01:34,-3.8004,102.2655,85.8,65,48,11.45
210,Sao Joao Da Barra,BR,2021-07-29 06:01:34,-21.6403,-41.0511,65.25,83,100,18.54
211,Te Anau,NZ,2021-07-29 06:01:35,-45.4167,167.7167,47.64,88,93,2.37
212,Torrington,US,2021-07-29 06:01:35,41.8007,-73.1212,69.75,96,34,2.84
213,Camacha,PT,2021-07-29 06:01:35,33.0833,-16.3333,67.42,68,40,12.66
214,Brus,RS,2021-07-29 06:01:36,43.3836,21.0336,72.52,38,3,3.13
215,Casino,AU,2021-07-29 06:01:36,-28.8667,153.05,68.56,34,2,8.68
216,Teknaf,BD,2021-07-29 06:01:37,20.8624,92.3058,82.04,87,100,16.82
217,Porto Novo,BJ,2021-07-29 06:01:37,6.4965,2.6036,73.81,85,94,4.03
218,Yar-Sale,RU,2021-07-29 06:01:38,66.8333,70.8333,59.23,56,75,10.09
219,Bumba,CD,2021-07-29 06:01:38,2.1833,22.4667,73.6,87,100,1.41
220,Palmer,US,2021-07-29 06:01:39,42.1584,-72.3287,66.31,85,75,0.0
221,Victoria,HK,2021-07-29 06:01:21,22.2855,114.1577,91.38,81,99,1.99
222,Bombay,IN,2021-07-29 05:57:02,19.0144,72.8479,84.18,84,90,12.66
223,Baglan,AF,2021-07-29 06:01:39,36.1307,68.7083,97.97,12,0,4.16
224,Dingle,PH,2021-07-29 06:01:40,10.9995,122.6711,90.09,59,45,16.35
225,Khasan,RU,2021-07-29 06:01:40,42.4308,130.6434,83.48,69,80,9.8
226,Imbituba,BR,2021-07-29 06:01:41,-28.24,-48.6703,45.82,68,4,11.39
227,Alyangula,AU,2021-07-29 06:01:41,-13.8483,136.4192,81.19,60,82,2.08
228,Banjar,ID,2021-07-29 06:01:42,-8.19,114.9675,82.26,65,34,0.27
229,Cedar City,US,2021-07-29 06:01:42,37.6775,-113.0619,77.18,38,67,3.27
230,Itamaraca,BR,2021-07-29 06:01:42,-7.7478,-34.8256,71.65,86,13,6.87
231,Tilichiki,RU,2021-07-29 06:01:43,60.4667,166.1,57.51,44,48,15.99
232,Faanui,PF,2021-07-29 06:01:43,-16.4833,-151.75,78.58,71,24,7.72
233,Bhachau,IN,2021-07-29 06:01:44,23.2833,70.35,86.38,68,100,25.03
234,Upernavik,GL,2021-07-29 06:01:44,72.7868,-56.1549,44.51,89,100,15.14
235,Meulaboh,ID,2021-07-29 06:01:44,4.1363,96.1285,85.51,62,98,5.06
236,Itarema,BR,2021-07-29 06:01:45,-2.9248,-39.9167,76.82,90,28,10.18
237,Nagornskiy,RU,2021-07-29 06:01:45,58.7731,57.5451,62.78,61,100,9.78
238,Azoyu,MX,2021-07-29 06:01:46,16.7167,-98.7333,74.25,93,81,2.82
239,Chuguyevka,RU,2021-07-29 06:01:46,44.1653,133.8633,94.84,38,28,4.43
240,Tura,IN,2021-07-29 06:01:47,25.5198,90.2201,77.5,85,100,9.28
241,Kodiak,US,2021-07-29 06:01:47,57.79,-152.4072,54.68,83,98,3.78
242,Soc Trang,VN,2021-07-29 06:01:47,9.6033,105.98,82.36,56,99,17.67
243,Oil City,US,2021-07-29 06:01:48,41.4339,-79.7064,66.29,97,1,0.0
244,Linares,CL,2021-07-29 06:01:48,-35.85,-71.6,42.84,63,0,1.54
245,Canon City,US,2021-07-29 05:59:45,38.441,-105.2424,79.39,32,1,1.99
246,Pitimbu,BR,2021-07-29 06:01:49,-7.4706,-34.8086,74.46,85,10,8.66
247,Lagoa,PT,2021-07-29 06:01:49,39.05,-27.9833,69.22,87,69,6.96
248,Pandan,PH,2021-07-29 06:01:50,14.0453,124.1694,88.3,66,97,14.03
249,Saint-Joseph,RE,2021-07-29 06:01:50,-21.3667,55.6167,73.78,79,81,18.59
250,Kalamb,IN,2021-07-29 06:01:51,19.05,73.95,73.33,87,100,18.75
251,Asfi,MA,2021-07-29 06:01:51,32.2994,-9.2372,67.91,92,3,13.09
252,Turukhansk,RU,2021-07-29 06:01:51,65.8167,87.9833,69.96,48,100,4.85
253,Maridi,SS,2021-07-29 06:01:52,4.9158,29.4742,68.4,96,96,5.17
254,Provideniya,RU,2021-07-29 06:01:52,64.3833,-173.3,48.31,81,90,15.66
255,Hegang,CN,2021-07-29 06:01:53,47.4,130.3667,85.5,46,91,8.25
256,Taft,IR,2021-07-29 06:01:54,31.7471,54.2088,83.98,15,37,7.72
257,Osorno,CL,2021-07-29 06:01:54,-40.5667,-73.15,41.31,100,90,2.3
258,Santa Maria,BR,2021-07-29 05:57:43,-29.6842,-53.8069,33.19,90,7,5.66
259,Teya,RU,2021-07-29 05:56:56,60.3778,92.6267,54.82,97,100,2.77
260,Salalah,OM,2021-07-29 06:01:55,17.0151,54.0924,78.12,88,90,14.32
261,Codrington,AU,2021-07-29 06:01:55,-38.2667,141.9667,55.36,76,47,11.68
262,Karangasem,ID,2021-07-29 06:01:56,-8.45,115.6167,81.48,78,45,11.25
263,Mabaruma,GY,2021-07-29 06:01:56,8.2,-59.7833,71.83,99,77,2.17
264,Anadyr,RU,2021-07-29 06:01:56,64.75,177.4833,52.3,58,40,22.37
265,Mikhaylovka,RU,2021-07-29 06:01:57,50.06,43.2379,84.61,29,93,7.9
266,Laguna,US,2021-07-29 06:01:57,38.421,-121.4238,87.64,48,1,5.75
267,Ponta Do Sol,PT,2021-07-29 06:01:58,32.6667,-17.1,70.43,76,28,6.33
268,Samarai,PG,2021-07-29 06:01:58,-10.6167,150.6667,80.26,80,60,8.97
269,Zhanaozen,KZ,2021-07-29 06:01:59,43.3,52.8,82.96,26,1,16.55
270,Dongsheng,CN,2021-07-29 06:01:59,39.8161,109.9776,85.23,23,7,4.52
271,La Ronge,CA,2021-07-29 06:02:00,55.1001,-105.2842,64.62,68,75,3.44
272,Rajanpur,PK,2021-07-29 06:01:02,29.1035,70.325,100.15,42,59,6.89
273,Placido De Castro,BR,2021-07-29 06:02:00,-10.3353,-67.1856,67.69,33,37,7.94
274,Iqaluit,CA,2021-07-29 06:02:01,63.7506,-68.5145,40.69,86,51,3.0
275,Cabuyaro,CO,2021-07-29 06:02:01,4.2817,-72.794,69.78,95,75,1.1
276,Marigot,MF,2021-07-29 06:02:01,18.0667,-63.0833,80.04,76,1,18.05
277,Irbil,IQ,2021-07-29 06:02:02,36.1926,44.0106,94.28,26,0,5.19
278,Gadwal,IN,2021-07-29 06:02:02,16.2333,77.8,87.21,49,99,21.07
279,Sobolevo,RU,2021-07-29 06:02:03,54.4299,31.8996,71.89,73,11,5.97
280,Taloqan,AF,2021-07-29 06:02:03,36.7361,69.5345,94.96,12,4,7.63
281,Cape Coast,GH,2021-07-29 06:02:04,5.1053,-1.2466,74.97,81,99,4.07
282,Kasongo-Lunda,CD,2021-07-29 06:02:04,-6.4667,16.8167,64.99,32,0,1.07
283,La Sarre,CA,2021-07-29 06:02:04,48.8002,-79.1996,57.76,94,100,5.35
284,Deputatskiy,RU,2021-07-29 06:02:05,69.3,139.9,53.85,43,40,10.47
285,Svetlogorsk,BY,2021-07-29 06:02:06,52.6333,29.7333,76.8,58,7,4.23
286,Tuburan,PH,2021-07-29 06:02:06,6.6439,122.2736,85.91,73,82,12.08
287,Lasa,IT,2021-07-29 06:02:06,46.6166,10.7002,61.02,77,1,1.92
288,Lata,PT,2021-07-29 06:02:07,40.1629,-8.3327,59.92,93,2,0.74
289,Kavali,IN,2021-07-29 06:02:07,14.9167,79.9833,93.69,40,100,21.65
290,Sola,VU,2021-07-29 06:02:08,-13.8833,167.55,78.98,80,46,14.63
291,Vinh,VN,2021-07-29 06:02:08,18.6667,105.6667,91.78,59,99,7.61
292,Yara,CU,2021-07-29 06:02:09,20.2753,-76.9533,74.3,94,71,4.76
293,Ostersund,SE,2021-07-29 06:02:09,63.1792,14.6357,66.61,94,95,2.3
294,Leshukonskoye,RU,2021-07-29 06:02:09,64.8989,45.7622,51.22,70,99,4.25
295,Magadan,RU,2021-07-29 06:02:10,59.5667,150.8,51.3,73,99,7.16
296,Wajid,SO,2021-07-29 06:02:10,3.8093,43.2471,77.41,62,95,22.37
297,Varkaus,FI,2021-07-29 06:02:11,62.3153,27.873,68.31,86,97,6.98
298,Port Hardy,CA,2021-07-29 06:02:05,50.6996,-127.4199,59.59,94,65,6.02
299,Khandyga,RU,2021-07-29 06:02:12,62.6667,135.6,73.38,32,0,6.26
300,Kontagora,NG,2021-07-29 06:02:12,10.3999,5.4695,70.59,97,99,3.09
301,Tuatapere,NZ,2021-07-29 06:02:12,-46.1333,167.6833,51.82,89,94,5.35
302,Road Town,VG,2021-07-29 05:59:16,18.4167,-64.6167,82.2,76,14,18.43
303,Tsumeb,NA,2021-07-29 06:02:13,-19.2333,17.7167,53.83,37,26,8.32
304,Jingdezhen,CN,2021-07-29 06:02:13,29.2947,117.2079,91.26,57,18,7.49
305,Ilulissat,GL,2021-07-29 06:02:14,69.2167,-51.1,46.42,76,54,1.14
306,Baie-Saint-Paul,CA,2021-07-29 06:02:14,47.4411,-70.4986,55.06,75,27,7.0
307,Florian,CO,2021-07-29 06:02:15,5.8049,-73.9703,59.47,91,100,4.92
308,Krosno Odrzanskie,PL,2021-07-29 06:02:15,52.0549,15.0988,68.65,71,4,10.87
309,Am Timan,TD,2021-07-29 06:02:15,11.0297,20.2827,73.65,91,99,4.36
310,Soure,BR,2021-07-29 06:02:16,-0.7167,-48.5233,77.86,84,39,6.87
311,Sidney,AU,2021-07-29 06:01:42,-33.8679,151.2073,65.48,35,0,1.99
312,Bogorodskoye,RU,2021-07-29 06:02:17,56.55,37.8833,64.78,88,99,4.7
313,Sonoita,MX,2021-07-29 06:02:17,31.85,-112.8333,91.53,31,43,0.78
314,Kruisfontein,ZA,2021-07-29 06:02:17,-34.0033,24.7314,47.88,73,86,8.37
315,Inongo,CD,2021-07-29 06:02:18,-1.95,18.2667,67.19,46,32,0.65
316,Lazaro Cardenas,MX,2021-07-29 06:00:03,17.9583,-102.2,78.17,84,66,3.18
317,Maningrida,AU,2021-07-29 06:02:18,-12.0667,134.2667,86.94,48,13,12.19
318,Chardara,KZ,2021-07-29 06:02:19,41.2547,67.9692,90.21,20,1,4.74
319,Barra Velha,BR,2021-07-29 06:02:19,-26.6322,-48.6847,47.1,62,6,11.21
320,Hyeres,FR,2021-07-29 06:02:20,43.1167,6.1167,78.71,66,0,2.3
321,Oktyabrskoye,RU,2021-07-29 06:02:20,43.0645,44.7417,68.14,68,3,4.47
322,Abha,SA,2021-07-29 06:02:20,18.2164,42.5053,73.81,41,69,4.0
323,Mehamn,NO,2021-07-29 06:02:21,71.0357,27.8492,46.31,87,100,8.32
324,Kharp,RU,2021-07-29 05:58:28,66.8014,65.8081,56.97,63,86,2.8
325,Zmeinogorsk,RU,2021-07-29 06:02:21,51.1567,82.195,70.47,41,88,11.21
326,Vallenar,CL,2021-07-29 06:02:22,-28.5708,-70.7581,54.12,52,0,1.48
327,Malpe,IN,2021-07-29 06:02:22,13.35,74.7167,78.1,78,100,13.27
328,Baykit,RU,2021-07-29 05:57:47,61.67,96.37,78.98,56,73,6.02
329,Rawson,AR,2021-07-29 05:59:07,-43.3002,-65.1023,45.84,56,7,4.92
330,Uberlandia,BR,2021-07-29 06:02:23,-18.9186,-48.2772,51.67,26,84,12.97
331,Ullapool,GB,2021-07-29 06:02:23,57.8987,-5.1604,57.76,99,100,4.88
332,Biak,ID,2021-07-29 06:02:24,-0.9131,122.8766,83.16,70,56,9.26
333,Longido,TZ,2021-07-29 06:02:24,-2.7333,36.6833,63.72,64,27,9.84
334,Luau,AO,2021-07-29 06:02:25,-10.7073,22.2247,57.79,39,0,5.7
335,Nyagan,RU,2021-07-29 06:02:25,62.1406,65.3936,47.95,84,100,6.2
336,Pontianak,ID,2021-07-29 06:02:25,-0.0333,109.3333,93.04,51,41,6.29
337,Asau,RO,2021-07-29 06:02:26,46.4333,26.4,78.4,62,11,3.87
338,Muisne,EC,2021-07-29 06:02:26,0.6,-80.0333,75.88,88,100,8.61
339,Kozan,TR,2021-07-29 06:02:27,37.4552,35.8157,88.7,28,0,12.93
340,Tateyama,JP,2021-07-29 06:02:27,34.9833,139.8667,87.82,80,12,16.33
341,Kota Kinabalu,MY,2021-07-29 06:00:04,5.9749,116.0724,89.58,62,20,6.91
342,Chernyshevskiy,RU,2021-07-29 06:02:28,63.0128,112.4714,80.74,22,12,9.28
343,Vanimo,PG,2021-07-29 06:02:28,-2.6741,141.3028,83.53,78,32,6.96
344,Shinjo,JP,2021-07-29 06:02:29,38.7586,140.3008,88.86,54,70,6.15
345,Rolante,BR,2021-07-29 06:02:29,-29.6506,-50.5758,40.87,86,79,8.41
346,Ginir,ET,2021-07-29 05:57:31,7.1333,40.7,62.04,64,99,14.94
347,Ambovombe,MG,2021-07-29 06:02:30,-25.1667,46.0833,68.56,75,0,10.65
348,Kambam,ID,2021-07-29 06:02:30,5.2505,96.8629,86.36,63,100,10.58
349,Nogliki,RU,2021-07-29 06:02:31,51.8333,143.1667,66.54,81,100,8.93
350,Raigarh,IN,2021-07-29 06:02:31,21.9,83.4,78.94,86,100,13.47
351,Homer,US,2021-07-29 06:02:31,59.6425,-151.5483,59.07,77,98,11.01
352,Lahr,DE,2021-07-29 06:02:32,48.35,7.8667,68.05,83,0,1.99
353,Bulungu,CD,2021-07-29 06:02:32,-4.55,18.6,70.18,26,1,2.51
354,Galbshtadt,RU,2021-07-29 06:02:33,53.2264,78.9845,76.42,32,79,7.87
355,Yulara,AU,2021-07-29 06:02:33,-25.2406,130.9889,78.78,23,2,16.71
356,Kalabo,ZM,2021-07-29 06:02:34,-14.97,22.6814,51.89,49,52,6.35
357,Kavieng,PG,2021-07-29 06:02:34,-2.5744,150.7967,84.29,72,24,7.96
358,Merritt,CA,2021-07-29 06:02:23,50.1123,-120.7942,70.45,46,91,3.89
359,Mount Pleasant,US,2021-07-29 06:00:49,32.7941,-79.8626,79.0,96,1,0.0
360,Havoysund,NO,2021-07-29 06:02:35,70.9963,24.6622,45.48,86,98,9.15
361,Bousso,TD,2021-07-29 06:02:36,10.4795,16.7117,73.49,90,86,5.08
362,Nevelsk,RU,2021-07-29 06:02:36,46.6733,141.8633,86.43,80,7,7.76
363,Kaihua,CN,2021-07-29 06:02:37,23.3687,104.28,82.06,59,71,1.61
364,Yaan,NG,2021-07-29 06:02:37,7.3833,8.5667,70.66,92,90,5.08
365,Port Augusta,AU,2021-07-29 06:02:37,-32.5,137.7667,63.72,34,0,18.03
366,Seymchan,RU,2021-07-29 06:02:38,62.8833,152.4333,44.76,62,82,18.7
367,Kloulklubed,PW,2021-07-29 06:02:38,7.0419,134.2556,86.5,72,91,5.79
368,Trinidad,BO,2021-07-29 06:02:39,-14.8333,-64.9,62.44,17,100,10.04
369,Jalu,LY,2021-07-29 06:02:39,29.0331,21.5482,83.57,38,0,8.93
370,Idrinskoye,RU,2021-07-29 06:02:40,54.3708,92.1358,67.35,56,59,3.29
371,High Rock,BS,2021-07-29 06:02:40,26.6208,-78.2833,83.7,73,13,10.56
372,San Quintin,MX,2021-07-29 06:02:40,30.4833,-115.95,69.08,83,0,10.54
373,Noumea,NC,2021-07-29 06:00:04,-22.2763,166.4572,76.98,99,25,5.08
374,Serebryansk,KZ,2021-07-29 06:02:41,49.6925,83.2892,69.35,47,90,2.33
375,San Cristobal,VE,2021-07-29 06:02:41,7.7669,-72.225,64.33,98,96,3.62
376,Olafsvik,IS,2021-07-29 06:02:42,64.8945,-23.7142,51.01,87,48,13.67
377,Mahajanga,MG,2021-07-29 06:02:42,-15.7167,46.3167,75.22,50,75,6.91
378,Kazachinskoye,RU,2021-07-29 06:02:43,57.6953,93.2761,58.01,93,100,3.09
379,Alenquer,BR,2021-07-29 06:02:43,-1.9417,-54.7383,74.93,71,7,2.62
380,Saint-Georges,GD,2021-07-29 06:02:44,12.0564,-61.7485,80.15,81,7,14.32
381,Blaine,US,2021-07-29 06:02:44,45.1608,-93.2349,82.74,83,1,6.91
382,Chapleau,CA,2021-07-29 06:02:44,47.8405,-83.4034,57.87,99,100,7.18
383,Camana,PE,2021-07-29 06:02:45,-16.6228,-72.7111,59.85,86,47,8.05
384,Saint-Francois,FR,2021-07-29 06:02:45,46.4154,3.9054,65.17,87,0,4.61
385,Cascais,PT,2021-07-29 06:02:46,38.6979,-9.4215,64.62,77,1,15.01
386,Hobyo,SO,2021-07-29 06:02:46,5.3505,48.5268,81.19,66,71,23.78
387,Baiao,BR,2021-07-29 06:02:47,-2.7906,-49.6717,73.22,96,99,2.59
388,Emerald,AU,2021-07-29 06:02:47,-23.5333,148.1667,86.34,26,3,16.49
389,Adrar,MR,2021-07-29 06:02:47,20.5022,-10.0711,83.95,37,96,13.89
390,Vanavara,RU,2021-07-29 06:02:48,60.34,102.2797,88.3,30,100,9.98
391,Cheney,US,2021-07-29 06:02:49,47.4874,-117.5758,75.31,40,1,6.91
392,Izhma,RU,2021-07-29 06:02:49,65.0083,53.9113,47.61,89,100,2.37
393,Sri Aman,MY,2021-07-29 06:02:49,1.2376,111.4621,96.06,43,45,3.56
394,Berlevag,NO,2021-07-29 06:02:50,70.8578,29.0864,46.35,87,75,6.91
395,Caravelas,BR,2021-07-29 06:02:50,-17.7125,-39.2481,70.38,94,18,8.63
396,Nileshwar,IN,2021-07-29 06:02:51,12.25,75.1,81.39,79,100,10.67
397,Burnie,AU,2021-07-29 06:02:51,-41.0667,145.9167,52.57,73,12,13.49
398,Kenai,US,2021-07-29 06:02:51,60.5544,-151.2583,59.02,84,100,10.67
399,Chuy,UY,2021-07-29 06:02:52,-33.6971,-53.4616,39.25,81,54,10.07
400,Balakhninskiy,RU,2021-07-29 06:02:52,58.0106,114.2769,80.46,38,3,12.75
401,Oyem,GA,2021-07-29 06:02:53,1.5995,11.5793,65.3,97,67,3.29
402,Scottsbluff,US,2021-07-29 06:02:53,41.8666,-103.6672,83.52,46,1,5.99
403,Kralendijk,BQ,2021-07-29 06:02:54,12.15,-68.2667,80.91,82,0,20.04
404,Sungaipenuh,ID,2021-07-29 06:02:54,-2.0833,101.3833,81.45,54,31,5.79
405,Kirksville,US,2021-07-29 06:02:54,40.1948,-92.5833,78.06,88,1,0.0
406,Chilca,PE,2021-07-29 06:02:55,-12.5211,-76.7372,60.85,88,94,4.76
407,Hvide Sande,DK,2021-07-29 06:02:56,56.0045,8.1294,57.99,76,100,22.1
408,Omboue,GA,2021-07-29 06:02:56,-1.5746,9.2618,70.63,90,68,5.03
409,Haslev,DK,2021-07-29 06:02:56,55.3235,11.9639,65.75,78,6,20.07
410,San Luis,AR,2021-07-29 05:58:46,-33.295,-66.3356,38.98,36,0,8.52
411,Carutapera,BR,2021-07-29 06:02:57,-1.195,-46.02,75.33,88,6,4.72
412,Esperance,AU,2021-07-29 06:02:58,-33.8667,121.9,66.04,68,38,26.78
413,Hay River,CA,2021-07-29 05:58:19,60.8156,-115.7999,69.78,46,75,4.61
414,Birao,CF,2021-07-29 06:02:58,10.2849,22.7882,73.87,86,75,7.02
415,Conceicao Do Araguaia,BR,2021-07-29 06:02:59,-8.2578,-49.2647,70.36,47,0,4.07
416,Klaksvik,FO,2021-07-29 06:02:59,62.2266,-6.589,52.72,98,100,10.27
417,Portland,US,2021-07-29 05:59:00,45.5234,-122.6762,79.25,56,11,1.01
418,Namatanai,PG,2021-07-29 06:03:00,-3.6667,152.4333,83.53,71,36,5.64
419,Linguere,SN,2021-07-29 06:03:00,15.3953,-15.1193,77.54,75,97,6.33
420,Nabire,ID,2021-07-29 06:03:01,-3.3667,135.4833,84.31,72,46,3.33
421,Yeppoon,AU,2021-07-29 06:03:01,-23.1333,150.7333,82.18,56,9,2.8
422,Ciudad Del Maiz,MX,2021-07-29 06:03:02,22.4,-99.6,63.7,94,32,2.8
423,Anloga,GH,2021-07-29 06:03:02,5.7947,0.8973,75.87,82,100,6.82
424,Praia,CV,2021-07-29 06:03:03,14.9215,-23.5087,77.54,65,75,6.91
425,Mantua,IT,2021-07-29 06:03:03,45.1667,10.7833,74.82,86,1,1.99
426,Chauk,MM,2021-07-29 06:03:03,20.8833,94.8167,88.02,64,99,15.7
427,Cururupu,BR,2021-07-29 06:03:04,-1.8283,-44.8683,74.44,93,16,3.22
428,Puerto Leguizamo,CO,2021-07-29 06:03:04,-0.1934,-74.7819,70.81,99,90,1.28
429,Juneau,US,2021-07-29 06:00:11,58.3019,-134.4197,56.84,84,24,4.63
430,Baoqing,CN,2021-07-29 06:03:05,46.3317,132.2111,91.38,47,99,4.54
431,Divnomorskoye,RU,2021-07-29 06:03:05,44.5011,38.1353,80.51,42,0,9.8
432,Togur,RU,2021-07-29 06:03:06,58.3631,82.8265,68.81,54,96,9.46
433,Novichikha,RU,2021-07-29 06:03:06,52.204,81.3877,75.52,28,84,1.61
434,Ardmore,US,2021-07-29 06:03:06,34.1743,-97.1436,83.01,84,1,1.99
435,Mokhsogollokh,RU,2021-07-29 06:03:07,61.4681,128.9203,72.16,27,13,9.8
436,Kutum,SD,2021-07-29 06:03:07,14.2,24.6667,76.66,64,100,1.79
437,Batagay-Alyta,RU,2021-07-29 06:03:08,67.8006,130.4114,63.36,30,75,7.07
438,Rabo De Peixe,PT,2021-07-29 06:03:08,37.8,-25.5833,67.51,94,75,6.91
439,Tual,ID,2021-07-29 06:03:09,-5.6667,132.75,80.37,83,94,13.51
440,Kununurra,AU,2021-07-29 06:03:09,-15.7667,128.7333,98.58,19,6,9.22
441,Dunedin,NZ,2021-07-29 05:59:42,-45.8742,170.5036,48.79,77,45,15.01
442,Cuajinicuilapa,MX,2021-07-29 06:03:10,16.4667,-98.4167,77.11,82,89,2.53
443,Itaituba,BR,2021-07-29 06:03:10,-4.2761,-55.9836,73.13,51,47,1.99
444,Sechura,PE,2021-07-29 06:03:10,-5.5569,-80.8222,66.9,81,45,10.65
445,Moyale,KE,2021-07-29 06:03:11,3.5167,39.0584,65.32,70,98,13.24
446,Kasempa,ZM,2021-07-29 06:03:11,-13.4584,25.8338,54.01,61,27,7.54
447,Itapuranga,BR,2021-07-29 06:03:12,-15.5622,-49.9486,57.61,47,0,13.58
448,Imatra,FI,2021-07-29 06:03:12,61.1719,28.7524,67.1,91,91,8.59
449,Saint-Louis,SN,2021-07-29 06:03:12,16.3333,-15.0,76.35,78,91,12.26
450,Rocha,UY,2021-07-29 06:03:13,-34.4833,-54.3333,41.16,74,75,9.44
451,Marzuq,YE,2021-07-29 06:03:13,14.4,46.4667,77.99,65,92,10.31
452,Nalut,LY,2021-07-29 06:03:14,30.3333,10.85,76.42,41,0,12.5
453,Norrtalje,SE,2021-07-29 06:03:14,59.758,18.705,69.24,77,45,9.86
454,Lavrentiya,RU,2021-07-29 06:03:15,65.5833,-171.0,44.74,96,94,6.08
455,Keti Bandar,PK,2021-07-29 06:03:15,24.1447,67.4497,85.12,76,100,25.55
456,San Juan,AR,2021-07-29 06:03:15,-31.5375,-68.5364,43.34,45,0,1.88
457,Eyl,SO,2021-07-29 06:03:16,7.9803,49.8164,85.5,48,96,26.4
458,Presidencia Roque Saenz Pena,AR,2021-07-29 06:03:16,-26.7852,-60.4388,36.16,48,0,4.07
459,Indiaroba,BR,2021-07-29 06:03:17,-11.5192,-37.5117,69.48,97,10,3.11
460,Sabang,ID,2021-07-29 06:03:17,5.8933,95.3214,83.48,75,71,24.83
461,Surt,LY,2021-07-29 06:03:17,31.2089,16.5887,80.91,66,0,8.39
462,Nouakchott,MR,2021-07-29 06:03:18,18.0858,-15.9785,74.05,84,97,13.31
463,Galle,LK,2021-07-29 06:03:18,6.0367,80.217,82.35,82,91,13.71
464,Freeport,US,2021-07-29 06:02:00,40.6576,-73.5832,73.36,87,20,1.99
465,Disna,BY,2021-07-29 06:03:19,55.568,28.1971,70.57,69,99,9.55
466,Evensk,RU,2021-07-29 06:03:19,61.95,159.2333,57.22,48,96,2.3
467,Zyryanka,RU,2021-07-29 06:03:20,65.75,150.85,41.2,94,100,11.5
468,Gushikawa,JP,2021-07-29 06:03:20,26.3544,127.8686,88.63,70,51,6.53
469,Labuhan,ID,2021-07-29 06:03:21,-6.8844,112.2051,88.14,51,22,6.58
470,Tigil,RU,2021-07-29 06:03:21,57.8,158.6667,55.65,63,95,8.93
471,Magdagachi,RU,2021-07-29 06:03:21,53.45,125.8,81.14,43,33,8.05
472,Sambava,MG,2021-07-29 06:03:22,-14.2667,50.1667,71.2,68,32,8.39
473,Rengasdengklok,ID,2021-07-29 06:03:22,-6.1592,107.2981,88.29,50,6,2.24
474,Kakori,IN,2021-07-29 06:03:23,26.8833,80.8,84.15,89,75,9.22
475,Palasa,IN,2021-07-29 06:03:23,18.7667,84.4167,78.31,87,100,9.73
476,Saint-Honore,CA,2021-07-29 06:03:23,48.5334,-71.0824,52.59,82,45,4.36
477,Coruripe,BR,2021-07-29 06:03:24,-10.1256,-36.1756,71.06,87,0,4.94
478,Taldan,RU,2021-07-29 06:03:24,53.6667,124.8,80.19,43,15,8.61
479,Castro Alves,BR,2021-07-29 06:03:25,-12.7656,-39.4283,65.35,97,1,0.98
480,Solnechnyy,RU,2021-07-29 06:03:25,50.7214,136.6319,80.76,78,97,3.13
481,Zemio,CF,2021-07-29 06:03:25,5.0314,25.1361,71.65,84,91,1.19
482,Suharau,RO,2021-07-29 06:03:26,48.1333,26.4167,83.86,60,9,3.74
483,Dillon,US,2021-07-29 06:03:26,34.4166,-79.3712,75.18,90,5,5.46
484,Port-Gentil,GA,2021-07-29 06:03:27,-0.7193,8.7815,75.69,78,66,13.76
485,Fairbanks,US,2021-07-29 06:02:37,64.8378,-147.7164,59.34,93,100,1.01
486,Pisco,PE,2021-07-29 06:03:27,-13.7,-76.2167,59.02,87,21,1.01
487,Churapcha,RU,2021-07-29 06:03:28,62.0025,132.4325,73.47,22,2,17.2
488,Vila Velha,BR,2021-07-29 06:03:28,-20.3297,-40.2925,60.94,86,99,15.21
489,Pangnirtung,CA,2021-07-29 06:03:29,66.1451,-65.7125,52.9,60,88,2.98
490,Flinders,AU,2021-07-29 06:03:29,-34.5833,150.8552,65.21,42,0,4.0
491,Mezhova,UA,2021-07-29 06:03:29,48.2532,36.7347,79.02,52,29,10.07
492,Santa Lucia,ES,2021-07-29 06:03:30,27.9117,-15.5407,61.92,78,75,26.46
493,Mondlo,ZA,2021-07-29 06:01:11,-27.983,30.7177,46.85,38,0,6.53
494,Bako,ET,2021-07-29 06:03:30,5.7833,36.5667,62.6,75,100,4.52
495,Terrak,NO,2021-07-29 06:03:31,65.087,12.3715,66.22,52,24,0.63
496,Trelew,AR,2021-07-29 06:03:31,-43.249,-65.3051,43.88,53,13,4.21
497,Ust-Kuyga,RU,2021-07-29 06:03:32,70.0167,135.6,62.29,38,65,8.84
498,Ninotsminda,GE,2021-07-29 06:03:32,41.2646,43.5916,63.05,86,99,4.05
499,Uvat,RU,2021-07-29 06:03:33,59.1433,68.8953,54.18,71,98,8.16
500,Atambua,ID,2021-07-29 06:03:33,-9.1061,124.8925,85.35,42,3,1.14
501,Jilin,CN,2021-07-29 06:03:34,43.0,126.0,84.79,61,100,9.89
502,Grindavik,IS,2021-07-29 06:03:34,63.8424,-22.4338,52.9,93,0,9.22
503,Vermillion,US,2021-07-29 06:03:34,42.7794,-96.9292,87.03,48,35,4.65
504,Ulladulla,AU,2021-07-29 06:03:35,-35.35,150.4667,60.87,40,0,4.7
505,Bairnsdale,AU,2021-07-29 06:03:35,-37.8333,147.6167,61.07,48,43,1.99
506,Bandarbeyla,SO,2021-07-29 06:03:36,9.4942,50.8122,85.14,51,93,29.55
507,Sunndalsora,NO,2021-07-29 06:03:36,62.6754,8.5515,65.05,65,100,5.75
508,Qaqortoq,GL,2021-07-29 06:03:37,60.7167,-46.0333,46.9,95,66,0.96
509,Taltal,CL,2021-07-29 06:01:10,-25.4,-70.4833,56.26,59,2,3.83
510,Vila Franca Do Campo,PT,2021-07-29 06:03:37,37.7167,-25.4333,68.41,83,63,7.34
511,Havre-Saint-Pierre,CA,2021-07-29 06:03:38,50.2334,-63.5986,55.76,88,90,10.36
512,Cap-Aux-Meules,CA,2021-07-29 06:03:38,47.3821,-61.8597,60.85,71,29,8.86
513,Port Lincoln,AU,2021-07-29 06:03:39,-34.7333,135.8667,61.25,50,2,15.95
514,Gweta,BW,2021-07-29 06:03:39,-20.1833,25.2333,54.88,43,1,5.19
515,Sur,OM,2021-07-29 06:03:40,22.5667,59.5289,99.37,39,55,7.11
516,Paragominas,BR,2021-07-29 06:00:41,-2.9667,-47.4833,71.89,93,84,1.86
517,Dumingag,PH,2021-07-29 06:03:40,8.1692,123.3506,88.07,69,55,5.37
518,Guangyuan,CN,2021-07-29 06:03:41,32.442,105.823,93.83,43,1,1.86
519,Domoni,KM,2021-07-29 06:03:41,-12.2569,44.5319,77.29,64,21,12.8
520,Bagrami,AF,2021-07-29 06:03:41,34.4938,69.2743,87.78,25,0,13.8
521,Chunskiy,RU,2021-07-29 06:03:42,56.0815,99.6342,56.59,89,100,8.37
522,Baki,ID,2021-07-29 06:03:42,-7.6128,110.7839,90.93,44,15,11.34
523,Clarence Town,AU,2021-07-29 06:03:43,-32.5833,151.7833,65.86,37,0,4.14
524,Dulce Grande,MX,2021-07-29 06:03:43,23.0,-102.1667,65.44,73,99,12.37
525,Borskoye,RU,2021-07-29 06:03:44,53.0333,51.7167,75.56,32,61,4.14
526,Polunochnoye,RU,2021-07-29 06:03:44,60.8697,60.4153,49.41,79,100,5.61
527,Skjervoy,NO,2021-07-29 06:03:44,70.0311,20.9714,50.18,78,84,4.05
528,Peniche,PT,2021-07-29 06:03:45,39.3558,-9.3811,64.72,89,6,18.23
529,Riedlingen,DE,2021-07-29 06:03:45,48.1545,9.4756,64.2,89,49,3.89
530,Diego De Almagro,CL,2021-07-29 06:03:46,-26.3667,-70.05,50.68,16,0,3.98
531,Pacific Grove,US,2021-07-29 06:03:46,36.6177,-121.9166,67.01,89,90,1.01
532,Ambilobe,MG,2021-07-29 06:03:46,-13.2,49.05,77.99,45,14,2.37
533,Dalby,AU,2021-07-29 06:03:47,-27.1833,151.2667,65.59,39,29,18.54
534,Amahai,ID,2021-07-29 06:03:47,-3.3333,128.9167,81.97,79,90,6.89
535,Pouebo,NC,2021-07-29 06:03:48,-20.4,164.5667,72.05,64,34,5.55
536,Wailuku,US,2021-07-29 06:01:46,20.8911,-156.5047,77.95,91,70,5.99
537,Iquitos,PE,2021-07-29 06:03:48,-3.7481,-73.2472,72.03,94,39,1.86
538,Maniitsoq,GL,2021-07-29 06:03:49,65.4167,-52.9,47.48,73,99,10.18
539,Bajil,YE,2021-07-29 06:03:49,15.0584,43.2851,90.84,52,73,7.92
540,Olutanga,PH,2021-07-29 06:03:49,7.3106,122.8464,84.7,73,82,7.87
541,Mumford,GH,2021-07-29 06:03:50,5.2618,-0.759,74.28,84,100,2.66
542,Isiro,CD,2021-07-29 06:03:50,2.7739,27.616,66.79,98,99,1.99
543,Phan Thiet,VN,2021-07-29 06:03:51,10.9333,108.1,89.98,60,94,16.98
544,Torit,SS,2021-07-29 06:03:51,4.4133,32.5678,70.29,94,99,2.73
545,Alice Springs,AU,2021-07-29 06:00:01,-23.7,133.8833,83.75,20,4,18.41
546,Rosita,NI,2021-07-29 06:03:52,13.9268,-84.4032,71.8,99,92,2.77
547,Beira,MZ,2021-07-29 06:03:52,-19.8436,34.8389,64.65,74,1,4.7
548,Hun,LY,2021-07-29 06:03:52,29.1268,15.9477,76.87,51,0,4.9
549,Cambridge,CA,2021-07-29 06:01:31,43.3601,-80.3127,66.54,83,98,4.41
550,Segezha,RU,2021-07-29 06:03:53,63.7415,34.3222,61.27,77,70,5.37
551,Manjacaze,MZ,2021-07-29 06:03:54,-24.7117,33.8828,62.94,66,0,6.64
552,Casablanca,MA,2021-07-29 06:03:18,33.5928,-7.6192,71.82,88,23,2.75
553,Taraz,KZ,2021-07-29 06:02:18,42.9,71.3667,84.61,23,0,4.47
554,Umea,SE,2021-07-29 06:03:55,63.8284,20.2597,69.73,68,0,4.61
555,Otradnoye,RU,2021-07-29 06:03:55,59.7775,30.8181,69.94,85,74,6.91
556,Chokwe,MZ,2021-07-29 06:03:56,-24.5333,32.9833,63.48,64,0,6.82
557,Paeroa,NZ,2021-07-29 06:03:56,-37.3667,175.6667,56.28,92,100,1.45
558,Beni,CD,2021-07-29 06:03:56,0.5,29.4667,64.11,95,96,1.05
559,Puerto Colombia,CO,2021-07-29 06:03:57,10.9878,-74.9547,81.14,81,2,21.61
560,Chama,CH,2021-07-29 06:03:57,47.1821,8.4636,65.91,90,75,0.0
561,Huarmey,PE,2021-07-29 06:03:58,-10.0681,-78.1522,64.56,85,65,9.6
562,Ruteng,ID,2021-07-29 06:03:58,-8.6136,120.4721,74.08,61,36,1.79
563,Benghazi,LY,2021-07-29 06:03:58,32.1167,20.0667,81.1,65,0,14.27
564,Maharajganj,IN,2021-07-29 06:03:59,27.1333,83.5667,91.35,65,95,9.4
565,Killybegs,IE,2021-07-29 06:03:59,54.6333,-8.45,49.44,86,99,17.63
566,Alta Floresta,BR,2021-07-29 05:59:56,-9.8756,-56.0861,69.82,57,0,7.74
567,Srednekolymsk,RU,2021-07-29 06:04:00,67.45,153.6833,40.42,93,100,8.84
568,Petropavlovsk-Kamchatskiy,RU,2021-07-29 06:04:00,53.0452,158.6483,64.99,72,75,11.18
569,Maldonado,UY,2021-07-29 06:04:01,-34.6667,-54.9167,45.23,82,55,9.53
570,Neuquen,AR,2021-07-29 06:04:01,-38.9516,-68.0591,45.61,37,0,6.58
571,Luzhou,CN,2021-07-29 06:04:02,28.8724,105.4405,94.32,54,7,1.25
572,Fukue,JP,2021-07-29 06:04:02,32.6881,128.8419,82.18,69,23,4.18
573,Kuching,MY,2021-07-29 06:04:03,1.55,110.3333,91.62,62,40,3.44
574,Ust-Kulom,RU,2021-07-29 06:04:03,61.6864,53.6902,55.58,79,92,1.86
